,user_id,EmailClickthrough,EmailOpen,FormSubmit,WebVisit,Purchase_prediction
46591,4ed089e310e683a,54.0,89.0,19.0,79.0,1
107039,c62095f41f8c9cf,56.0,88.0,39.0,68.0,1
31370,33c78c6cff8c896,6.0,86.0,2.0,20.0,1
27495,2cd311cc3ef2d0c,56.0,84.0,51.0,82.0,1
9390,0ec78db2c7be600,23.0,81.0,23.0,52.0,1
1137,01e3f460ec72931,29.0,80.0,28.0,75.0,1
522,00e2daf8ea367f4,35.0,80.0,18.0,48.0,1
107505,c732cc10ee2a3e4,20.0,76.0,20.0,34.0,1
63890,6ef826b95fbe5f2,31.0,76.0,13.0,63.0,1
131582,fd41db7856f4c81,16.0,76.0,9.0,21.0,1
95591,ae5c45ae5f2f66b,50.0,75.0,24.0,58.0,1
27731,2d3bdebaab963c1,34.0,75.0,23.0,55.0,1
99845,b740b3bddd811a8,17.0,75.0,16.0,25.0,1
81551,91ca57464a67da8,24.0,75.0,4.0,45.0,1
34416,393e035c9a2e62d,34.0,74.0,34.0,39.0,1
56893,61d714a24ee246f,26.0,74.0,19.0,22.0,1
82436,93870a40c84a725,20.0,71.0,8.0,53.0,1
123508,eacf1fa8870fde5,10.0,71.0,7.0,13.0,1
130700,fb2568cc6e4f93a,31.0,70.0,20.0,58.0,1
120011,e2ee590fb3fe3a5,9.0,70.0,12.0,23.0,1
115437,d89918796777abc,35.0,70.0,11.0,76.0,1
3903,0617553f606401b,15.0,70.0,10.0,19.0,1
86522,9baeac80552be0d,8.0,70.0,7.0,9.0,1
64447,701166975141892,63.0,69.0,57.0,66.0,1
17525,1c25b3c5930bad8,22.0,69.0,19.0,36.0,1
96166,af9682d336d651e,19.0,69.0,17.0,33.0,1
113943,d54abaa471265ff,14.0,69.0,9.0,19.0,1
9406,0ece47571897b67,6.0,69.0,4.0,14.0,1
48486,523455165c2eacb,3.0,69.0,2.0,8.0,1
2413,03e21d7113e91da,29.0,68.0,29.0,54.0,1
81724,921dabe84d0c995,10.0,68.0,16.0,38.0,1
10522,109da9f2d4629f6,8.0,68.0,1.0,25.0,1
22094,238e1e6295f8f30,56.0,67.0,36.0,70.0,1
91627,a61ebb052f3331c,43.0,67.0,19.0,52.0,1
46361,4e60f7627584004,20.0,66.0,19.0,63.0,1
51758,583b926e3c0199d,18.0,66.0,18.0,35.0,1
46013,4dbd47d422b0c56,17.0,66.0,16.0,26.0,1
15609,18eda08c54a7546,11.0,66.0,3.0,10.0,1
108019,c84446d99012568,3.0,66.0,1.0,22.0,1
70655,7c21520dc24c16f,24.0,65.0,58.0,63.0,1
41916,467cef547d363a1,23.0,65.0,19.0,28.0,1
54794,5de4981a8c3bc67,14.0,65.0,11.0,14.0,1
80199,8f1aacd69164c4d,14.0,65.0,4.0,23.0,1
104839,c1913c4a9f483a2,23.0,64.0,21.0,36.0,1
80791,904a3da97a91f9b,24.0,64.0,20.0,36.0,1
67489,75e185cf20f868f,19.0,64.0,13.0,50.0,1
109371,cb3ec7308644e93,25.0,64.0,12.0,54.0,1
65886,72d1510be1b8bea,15.0,64.0,6.0,21.0,1
38241,3ff1feb5b674e3a,19.0,63.0,59.0,69.0,1
61759,6ade882d4d068c4,26.0,63.0,19.0,38.0,1
42216,47039089615b589,18.0,63.0,15.0,21.0,1
9146,0e6446dbb94991a,15.0,63.0,12.0,25.0,1
19791,1fe5f6a1554e966,11.0,63.0,11.0,13.0,1
7875,0c66ac5ea0f1294,11.0,63.0,9.0,44.0,1
18832,1e4f6139c061266,15.0,63.0,9.0,38.0,1
64330,6fdd96394401ce9,12.0,63.0,9.0,16.0,1
113812,d502f4f5eafdad4,12.0,63.0,8.0,28.0,1
18814,1e4853906438131,8.0,62.0,7.0,8.0,1
45037,4c0c38b4b90d031,11.0,62.0,7.0,42.0,1
2149,037658ad5ed42b5,31.0,62.0,5.0,33.0,1
3549,058cc0c125384eb,6.0,62.0,4.0,7.0,1
129013,f73e943867cfdfd,5.0,62.0,0.0,45.0,1
55142,5e8fd6a38780299,24.0,61.0,22.0,41.0,1
35105,3a6887a3f362a78,20.0,61.0,14.0,36.0,1
53105,5ab321c0af5087e,14.0,61.0,14.0,17.0,1
36674,3d21026a0856d58,13.0,61.0,8.0,18.0,1
110273,cd59d1f302a9320,8.0,61.0,7.0,11.0,1
28508,2e9a8196d91c18e,3.0,61.0,5.0,5.0,1
103034,bdc75fd08fb72b9,6.0,61.0,3.0,19.0,1
10905,1137a7de4a56a09,19.0,60.0,52.0,55.0,1
62517,6c5ee168ab6de80,17.0,60.0,19.0,37.0,1
78349,8b7f1d68bf4be9d,17.0,60.0,16.0,18.0,1
106629,c540a65e71d944b,16.0,60.0,12.0,41.0,1
46828,4f3bdeb2f034361,12.0,60.0,8.0,14.0,1
79208,8d2d9fc189bee71,13.0,60.0,7.0,17.0,1
114045,d580ebd40cfab82,7.0,60.0,5.0,10.0,1
6857,0ac295a89081f07,19.0,60.0,3.0,22.0,1
88719,a027a3dec539d9c,14.0,59.0,13.0,46.0,1
82808,94427ab54b7d3ca,10.0,59.0,11.0,13.0,1
113418,d42ce49ab5813ef,14.0,59.0,11.0,14.0,1
34711,39c614eb0410088,14.0,59.0,10.0,24.0,1
78459,8bb614e433be1c6,9.0,59.0,7.0,11.0,1
96316,afecda2300abcdb,8.0,59.0,5.0,8.0,1
113103,d379660be5b3826,6.0,59.0,2.0,14.0,1
5885,09255446aede6fc,55.0,58.0,47.0,45.0,1
86738,9c262014bed9ef3,16.0,58.0,17.0,19.0,1
32695,362910baf758790,16.0,58.0,15.0,39.0,1
113601,d498b134751a8e0,6.0,58.0,3.0,7.0,1
125565,ef8efa40dae93d2,4.0,58.0,3.0,19.0,1
68937,78d0f0bedaf9070,9.0,58.0,1.0,11.0,1
130738,fb3e06d530387aa,12.0,57.0,7.0,17.0,1
127036,f2dee77520a3e8b,11.0,57.0,1.0,12.0,1
130974,fbcb62d4e5ed39d,0.0,57.0,0.0,1.0,1
21526,22a998a0c3c4476,16.0,56.0,12.0,25.0,1
6702,0a814e3e0b85608,14.0,56.0,11.0,28.0,1
132064,fe5cb8f852c2a50,19.0,56.0,10.0,44.0,1
89090,a0f64c6642d0d01,10.0,56.0,9.0,18.0,1
6665,0a6d47dd79d31f6,30.0,56.0,7.0,37.0,1
36955,3d964d5c98fc18b,6.0,56.0,5.0,16.0,1
70118,7b0f9a4eb4a6df4,24.0,56.0,5.0,31.0,1
127505,f3d680651b16924,8.0,56.0,1.0,17.0,1
107626,c7755e22c4c2f89,6.0,56.0,0.0,21.0,1
48753,52b0f23295618c0,9.0,55.0,11.0,38.0,1
45822,4d6c49083240827,11.0,55.0,9.0,21.0,1
34465,3955b27d2ce5d82,7.0,55.0,5.0,10.0,1
114588,d6b1d65a2d4c35e,5.0,55.0,3.0,27.0,1
111834,d0c3734c6905e19,7.0,55.0,2.0,18.0,1
103934,bfb9907ad2f62b8,14.0,54.0,14.0,52.0,1
69068,79134aa7227f36c,14.0,54.0,11.0,22.0,1
118887,e05a115f0f4530c,15.0,54.0,11.0,17.0,1
11900,12dd81d6965a4a4,13.0,54.0,9.0,16.0,1
63644,6e84dd8c3ebb4e7,8.0,54.0,8.0,17.0,1
115408,d888f8020ca99e7,13.0,54.0,7.0,17.0,1
120671,e46aee2acbf7467,10.0,54.0,5.0,11.0,1
97023,b17eb4ed21a625d,15.0,53.0,14.0,23.0,1
74394,8363ec4ceec589a,12.0,53.0,12.0,15.0,1
29736,30c66d488d06f2a,15.0,53.0,10.0,25.0,1
40890,44961766485c070,8.0,53.0,8.0,19.0,1
72635,7ff1ad77efac5b9,9.0,53.0,8.0,25.0,1
23938,26940309abb5cfa,11.0,53.0,6.0,60.0,1
79799,8e450b920903b1e,7.0,53.0,6.0,21.0,1
123928,ebc851d4f52df3c,9.0,53.0,4.0,10.0,1
20156,20764a62baca5b0,7.0,53.0,3.0,11.0,1
80181,8f1078510ea9b7a,8.0,53.0,3.0,12.0,1
82846,944f6fc39905908,29.0,52.0,18.0,74.0,1
64194,6f8febc2791bd19,19.0,52.0,16.0,38.0,1
91871,a6a4198c8f99f34,24.0,52.0,11.0,53.0,1
55453,5f219dfa2f92a85,18.0,52.0,10.0,60.0,1
92951,a8def7fde65737d,13.0,52.0,10.0,23.0,1
106732,c5794634b01780d,14.0,52.0,8.0,12.0,1
7934,0c8076de3d29427,7.0,52.0,6.0,7.0,1
61158,69b4d5cb2ced45b,33.0,52.0,5.0,40.0,1
53033,5a8a18c84d8ad1a,10.0,52.0,4.0,15.0,1
30615,32599c35230edd2,4.0,52.0,3.0,20.0,1
68740,786262cf360f2dc,11.0,52.0,2.0,41.0,1
129671,f8c0f592ff8aaf5,14.0,52.0,2.0,51.0,1
21722,22ff41641b32c2a,3.0,52.0,1.0,9.0,1
101355,ba66a544e6a860e,4.0,52.0,0.0,4.0,1
48772,52bc159621bb4c6,35.0,51.0,20.0,52.0,1
108332,c8f1d98c5d29323,15.0,51.0,13.0,21.0,1
115601,d8f0bc0c8be4f34,12.0,51.0,13.0,19.0,1
26679,2b4ba3eda57ffe5,18.0,51.0,8.0,53.0,1
25532,2954f216651c778,19.0,51.0,7.0,51.0,1
102801,bd4e17a5a2ddf67,10.0,51.0,3.0,11.0,1
126967,f2ac2d8357ba1d5,8.0,51.0,3.0,8.0,1
53415,5b59b5c357f34c6,7.0,51.0,2.0,16.0,1
123010,e9b4ce3a1ccc57d,8.0,51.0,2.0,9.0,1
49436,53e8db84350031b,2.0,51.0,1.0,2.0,1
49357,53cacdff91268a9,36.0,50.0,12.0,50.0,1
27069,2c010e514caa861,12.0,50.0,11.0,15.0,1
61419,6a302887b84fd56,14.0,50.0,6.0,10.0,1
94353,abcc3da15018dc3,8.0,50.0,6.0,12.0,1
124876,ee06b1ea5c25247,10.0,50.0,6.0,15.0,1
96204,afab4e8ec99c7f6,8.0,50.0,5.0,15.0,1
24443,27655833155a802,7.0,50.0,4.0,8.0,1
87912,9e8b65a9262d3eb,7.0,50.0,4.0,17.0,1
62992,6d4e4676b29cf6d,6.0,50.0,3.0,19.0,1
85033,98c733f83f6c157,23.0,50.0,3.0,36.0,1
100682,b8fada3a44413cb,3.0,50.0,2.0,3.0,1
121204,e59a244c1392c1b,5.0,50.0,1.0,14.0,1
65703,7278ab20f821bab,15.0,49.0,13.0,14.0,1
89915,a2b17235e1401d8,23.0,49.0,12.0,36.0,1
33435,378ce148a446043,13.0,49.0,10.0,20.0,1
54166,5cbcb092b297b78,12.0,49.0,9.0,11.0,1
54167,5cbd3e84d1e06f5,14.0,49.0,9.0,23.0,1
23749,2643819f8bcf2e5,6.0,49.0,8.0,17.0,1
27650,2d168a403c26b30,9.0,49.0,8.0,10.0,1
70759,7c4dd4fe0851a6a,7.0,49.0,7.0,24.0,1
84839,986beda7a0fc78e,8.0,49.0,6.0,28.0,1
112045,d13851d080b8163,3.0,49.0,2.0,3.0,1
115599,d8f0180873599e5,2.0,49.0,1.0,7.0,1
624,011026476ee2fb0,2.0,49.0,0.0,20.0,1
31808,3485af1d8d7bf4f,5.0,49.0,0.0,14.0,1
35178,3a86069de65ba9f,9.0,48.0,13.0,18.0,1
106201,c45a7238441f6ce,15.0,48.0,12.0,15.0,1
44765,4b8dc685e2d60ca,12.0,48.0,11.0,17.0,1
51248,573af65f1232be7,10.0,48.0,7.0,13.0,1
111544,d01c1c778af40db,15.0,48.0,7.0,52.0,1
63095,6d7d36287d98616,7.0,48.0,6.0,9.0,1
24115,26de06d00f26c98,3.0,48.0,5.0,7.0,1
34511,396c949d9394b50,4.0,48.0,5.0,17.0,1
60313,680e09752bbb2ca,13.0,48.0,5.0,29.0,1
124652,ed7fc3d5b23099e,7.0,48.0,5.0,8.0,1
10679,10e3d5a7278e041,6.0,48.0,3.0,35.0,1
120107,e320b6702da2153,4.0,48.0,3.0,37.0,1
88191,9f154380f343569,3.0,48.0,2.0,16.0,1
118751,dff7482e3edd1a4,3.0,48.0,2.0,5.0,1
4443,06ebb7321ede26d,4.0,48.0,1.0,58.0,1
5971,0950b965c0f063d,4.0,48.0,1.0,8.0,1
108311,c8e63373c9440e0,15.0,47.0,13.0,27.0,1
30327,31dfc49e9c52960,9.0,47.0,12.0,17.0,1
19185,1ee74719c143483,13.0,47.0,11.0,18.0,1
11660,127c9792aaf2a28,9.0,47.0,10.0,16.0,1
76362,875015b8fa51f35,13.0,47.0,10.0,17.0,1
502,00d9b03e25ea485,9.0,47.0,8.0,10.0,1
33790,382bac744cec902,12.0,47.0,8.0,12.0,1
37627,3ec09f118a13852,7.0,47.0,8.0,22.0,1
107669,c78b7958a9e5eed,9.0,47.0,8.0,9.0,1
121020,e52ae51ce62ea6c,14.0,47.0,8.0,12.0,1
16366,1a1d0c04209fcf3,11.0,47.0,7.0,18.0,1
29105,2fabdccddcf8a5b,7.0,47.0,7.0,10.0,1
77940,8ab01e8fca3d3b1,4.0,47.0,7.0,25.0,1
67318,758c556cb065c1c,6.0,47.0,5.0,28.0,1
93750,aa8fd28a3f4a4f2,6.0,47.0,3.0,17.0,1
2870,0486a637d387183,4.0,47.0,2.0,58.0,1
10192,100f0614d1304c0,8.0,47.0,2.0,26.0,1
71453,7d973605b3be2b5,4.0,47.0,2.0,4.0,1
27468,2cc2bc9b8967c8c,9.0,47.0,1.0,21.0,1
82162,92fe5372ae359bc,2.0,47.0,1.0,8.0,1
129114,f77ce8839428310,2.0,47.0,1.0,9.0,1
51740,5833e9d9f07e952,15.0,46.0,17.0,20.0,1
2242,039b23602c81c77,14.0,46.0,13.0,35.0,1
129655,f8b864a579a5b77,15.0,46.0,12.0,37.0,1
63355,6df74d9fb710b70,10.0,46.0,11.0,11.0,1
127547,f3ed631a422c52c,17.0,46.0,11.0,18.0,1
131991,fe26598329d2b39,11.0,46.0,11.0,25.0,1
16761,1ace9727f569eca,13.0,46.0,10.0,57.0,1
101010,b9a28b3bcdcbb58,28.0,46.0,10.0,29.0,1
12182,134803d7b9fba57,15.0,46.0,9.0,23.0,1
79882,8e71cf27c21bdcf,10.0,46.0,9.0,10.0,1
99628,b6d3f2ca966c0bc,9.0,46.0,9.0,22.0,1
104236,c046f6208e9d6c1,11.0,46.0,9.0,15.0,1
105516,c2e9277abb3b794,10.0,46.0,8.0,11.0,1
1428,025e01b1c5995b8,10.0,46.0,7.0,59.0,1
6033,096f74940b19c36,16.0,46.0,6.0,16.0,1
39602,4243330e9cfa005,8.0,46.0,5.0,43.0,1
59025,65accf10f85ad4a,10.0,46.0,5.0,34.0,1
53884,5c39ca461efd385,35.0,46.0,4.0,35.0,1
64686,7086395a1fe1e9d,6.0,46.0,4.0,16.0,1
62166,6bba4868291b137,3.0,46.0,3.0,8.0,1
43723,49bc73fb190d62b,3.0,46.0,2.0,3.0,1
60899,692ed54a28f96b5,4.0,46.0,2.0,7.0,1
97265,b202b41062b06da,3.0,46.0,0.0,3.0,1
115487,d8b50c472d9b786,7.0,46.0,0.0,45.0,1
52246,591dba9a55512b1,19.0,45.0,22.0,57.0,1
117467,dd085f5a6732e63,16.0,45.0,13.0,19.0,1
20438,20eae2b9a74b037,16.0,45.0,11.0,27.0,1
31856,349d71d9a9d8bec,12.0,45.0,11.0,9.0,1
94639,ac61dcda581de79,11.0,45.0,9.0,13.0,1
14451,17057adeaa93732,8.0,45.0,7.0,19.0,1
33776,38266ed62de1193,30.0,45.0,7.0,41.0,1
67367,75a3bbcdd81cc7d,6.0,45.0,7.0,7.0,1
122498,e898b54c53d8994,23.0,45.0,7.0,32.0,1
54926,5e2325ea6116077,4.0,45.0,6.0,10.0,1
85723,9a1abf469b52361,10.0,45.0,6.0,11.0,1
91274,a5582c72b57368d,7.0,45.0,6.0,10.0,1
62751,6cdb8c7faea7687,7.0,45.0,5.0,42.0,1
99061,b5ab14471c82a2e,4.0,45.0,4.0,4.0,1
18228,1d41701130f493f,7.0,45.0,3.0,4.0,1
31529,340c40a1b6bb2be,6.0,45.0,3.0,14.0,1
117750,dd9ed057608483a,73.0,45.0,3.0,75.0,1
57696,634eb8e4be615c8,1.0,45.0,2.0,14.0,1
27163,2c30d82e2ac909c,3.0,45.0,1.0,7.0,1
30314,31da8f78378b97a,14.0,44.0,16.0,24.0,1
10812,11171b5713f2020,10.0,44.0,12.0,15.0,1
102571,bcd5f28d661fb51,12.0,44.0,12.0,13.0,1
46400,4e778ee4c613bda,8.0,44.0,8.0,14.0,1
96599,b08885d85036877,9.0,44.0,8.0,9.0,1
75397,8569b692ddf0012,8.0,44.0,7.0,8.0,1
24690,27d878f1d7846b6,13.0,44.0,6.0,27.0,1
94214,ab8c00e65660d8d,6.0,44.0,6.0,22.0,1
54919,5e1f0c34587fea3,18.0,44.0,5.0,29.0,1
92589,a8296236afda3d1,5.0,44.0,5.0,8.0,1
31461,33ef2eae1257587,5.0,44.0,4.0,21.0,1
113301,d3eda8a56a5b5aa,10.0,44.0,4.0,20.0,1
2057,03542829af31e56,7.0,44.0,3.0,15.0,1
19081,1ebbaff443a77e0,4.0,44.0,3.0,4.0,1
19932,2023deb8101220e,4.0,44.0,3.0,4.0,1
3201,05035657c6ef4ef,3.0,44.0,2.0,11.0,1
26157,2a645b8895c6dba,5.0,44.0,2.0,13.0,1
111242,cf6d4963b2f27a3,5.0,44.0,0.0,3.0,1
62705,6cc2ec800ec3aa7,12.0,43.0,14.0,47.0,1
8475,0d616bfb2f9660c,14.0,43.0,12.0,20.0,1
20687,21539369019751c,22.0,43.0,12.0,38.0,1
25496,29463f92e409f0d,10.0,43.0,11.0,12.0,1
48452,5223e552f2c2675,10.0,43.0,11.0,16.0,1
61589,6a8a1ca449b79fc,9.0,43.0,9.0,17.0,1
10992,1155d8d7ae1b292,9.0,43.0,8.0,14.0,1
23103,25292ff27fc27f8,10.0,43.0,8.0,9.0,1
31158,3358597d42cd75c,21.0,43.0,7.0,23.0,1
110121,ccf08e9815c0a80,10.0,43.0,7.0,14.0,1
18765,1e3179bb27ee071,10.0,43.0,6.0,18.0,1
20890,21aa0f95aa64c64,9.0,43.0,6.0,7.0,1
76930,88994e0730c282e,6.0,43.0,6.0,13.0,1
97967,b38108e08888074,8.0,43.0,6.0,9.0,1
108350,c8fdd2c72942241,11.0,43.0,6.0,33.0,1
68723,785c526cb9742e5,18.0,43.0,5.0,32.0,1
77280,895cff9c0ae623e,5.0,43.0,5.0,24.0,1
81310,91524cb7606b027,7.0,43.0,5.0,6.0,1
110511,cddfaab747cedcc,8.0,43.0,5.0,6.0,1
129779,f9049ce0b2b68d9,7.0,43.0,5.0,7.0,1
8616,0d9f2ba456d51e8,9.0,43.0,4.0,41.0,1
59163,65f4fbd3e486adb,7.0,43.0,4.0,8.0,1
60544,687373da485fb1f,6.0,43.0,4.0,15.0,1
68061,7701f43d495d1d8,8.0,43.0,4.0,23.0,1
83394,957e7db72f997bd,4.0,43.0,4.0,7.0,1
85119,98f19d86a6dcc2b,5.0,43.0,4.0,6.0,1
112200,d1888477744d696,11.0,43.0,4.0,29.0,1
22084,238b0ee50a63711,8.0,43.0,3.0,11.0,1
72437,7f8ac907fd43100,4.0,43.0,3.0,4.0,1
77590,89f8e8e81f5a631,3.0,43.0,3.0,5.0,1
99130,b5d39eab5d4cce6,17.0,43.0,3.0,36.0,1
112225,d19e290db4ecc9d,2.0,43.0,3.0,8.0,1
31127,334d5e821fa0ff2,9.0,43.0,2.0,14.0,1
17378,1bdeb24f8f1b887,1.0,43.0,1.0,3.0,1
85184,99113a704e01c5c,7.0,42.0,12.0,41.0,1
41342,456b1f64182a456,11.0,42.0,10.0,17.0,1
49868,54b3e9447d8dd13,11.0,42.0,10.0,16.0,1
10235,10205dd0c759b28,9.0,42.0,9.0,32.0,1
110826,ce85db4ead6a397,10.0,42.0,8.0,10.0,1
10137,0ff752a721b797c,7.0,42.0,7.0,7.0,1
49629,54402ca7428b825,9.0,42.0,7.0,17.0,1
103258,be3ab5f93c21c6f,6.0,42.0,6.0,15.0,1
76797,8846c8fc4639145,7.0,42.0,5.0,21.0,1
87607,9ddfd82dddfa557,6.0,42.0,4.0,7.0,1
113435,d439f698a319c1e,7.0,42.0,4.0,12.0,1
5724,08eb088a73b5cd1,6.0,42.0,3.0,10.0,1
16971,1b3298e8d420783,8.0,42.0,3.0,15.0,1
37631,3ec1a716e67c59a,2.0,42.0,3.0,5.0,1
50549,55eecf26d8691ab,5.0,42.0,3.0,17.0,1
99425,b66b3427b855456,12.0,42.0,3.0,17.0,1
104029,bfe33785c8c7d20,6.0,42.0,3.0,10.0,1
7259,0b6a996d598e49c,5.0,42.0,2.0,3.0,1
14356,16d94831e49e104,9.0,42.0,2.0,11.0,1
18235,1d43d1b5729b249,7.0,42.0,2.0,14.0,1
53030,5a8947825033135,7.0,42.0,2.0,28.0,1
33139,370274d41592fd7,2.0,42.0,0.0,5.0,1
83231,95274815f8363ee,10.0,41.0,15.0,20.0,1
10381,10626d4d3fb31e6,11.0,41.0,10.0,15.0,1
30583,324eebae59f702d,14.0,41.0,9.0,38.0,1
68596,782424d605a3aaa,18.0,41.0,9.0,18.0,1
34387,39348f2bcf9b8d6,8.0,41.0,7.0,8.0,1
119603,e1ef5fb33e51125,20.0,41.0,7.0,36.0,1
79122,8d031bf0624987b,10.0,41.0,6.0,13.0,1
85036,98cb9b03a76272c,7.0,41.0,6.0,8.0,1
8638,0da5f7675d623ff,8.0,41.0,5.0,13.0,1
9269,0e92a808c352bc2,13.0,41.0,5.0,19.0,1
78876,8c871624b372b72,3.0,41.0,5.0,5.0,1
3763,05e3f5ac8e8b814,4.0,41.0,4.0,15.0,1
27273,2c5cd64d118898b,5.0,41.0,4.0,4.0,1
97377,b23ece3cbc86e4a,6.0,41.0,4.0,9.0,1
70551,7bee48b6d4ff599,4.0,41.0,3.0,3.0,1
87657,9df866a948ed2bd,3.0,41.0,3.0,6.0,1
21022,21e0343b760ffcf,5.0,41.0,2.0,7.0,1
56728,6185fd8019e992e,2.0,41.0,2.0,2.0,1
58261,6448fdbc7673991,6.0,41.0,2.0,21.0,1
88243,9f323c738d7649f,7.0,41.0,2.0,29.0,1
121861,e71bde94783fb49,8.0,41.0,2.0,15.0,1
122622,e8de202f732d3ad,3.0,41.0,2.0,3.0,1
28990,2f79f3c90b6606f,1.0,41.0,1.0,4.0,1
83938,9699c0c8e307ed8,2.0,41.0,1.0,4.0,1
100959,b98a00b63172260,11.0,41.0,1.0,18.0,1
109882,cc70775ef36c58b,3.0,41.0,1.0,17.0,1
123856,eb9aad4a4205509,4.0,41.0,1.0,6.0,1
41143,450da397101f9c5,7.0,41.0,0.0,11.0,1
122899,e97a63502f95840,4.0,41.0,0.0,7.0,1
115945,d9bc812f7c0f994,13.0,40.0,13.0,16.0,1
19824,1fefef7af945a62,15.0,40.0,9.0,20.0,1
40005,42f54c204f2b3af,10.0,40.0,8.0,23.0,1
89189,a13011f3d17b0fa,10.0,40.0,8.0,11.0,1
16764,1acfb268dc4c0ae,9.0,40.0,7.0,17.0,1
33029,36ca4b9a6b18160,10.0,40.0,7.0,38.0,1
53552,5b9813f28377791,15.0,40.0,7.0,37.0,1
23258,256cdab1d788770,11.0,40.0,6.0,42.0,1
53946,5c51143215283f2,8.0,40.0,6.0,36.0,1
60616,689d7de5538bcaa,14.0,40.0,6.0,16.0,1
90740,a456702de7fee58,6.0,40.0,6.0,6.0,1
94627,ac5a0cb5f7a4a4c,11.0,40.0,6.0,16.0,1
95949,af1fa212bc06486,7.0,40.0,5.0,21.0,1
121291,e5d4ef5953d7940,10.0,40.0,4.0,50.0,1
122043,e78268e3ce3e13c,4.0,40.0,4.0,5.0,1
5093,07f2b6e26601e8e,3.0,40.0,3.0,5.0,1
122369,e84c35b6778b1d2,11.0,40.0,3.0,29.0,1
45326,4c87cff59e96b27,9.0,40.0,2.0,19.0,1
48538,52464a6452e3878,9.0,40.0,2.0,11.0,1
67747,765fed9f48be1bf,2.0,40.0,2.0,2.0,1
88358,9f6afcfb06a451b,7.0,40.0,2.0,9.0,1
33904,386001c20d91c01,21.0,40.0,1.0,23.0,1
45131,4c347bf32cff34d,0.0,40.0,1.0,7.0,1
55724,5fa710eae03c4a1,2.0,40.0,1.0,3.0,1
66638,7444d9c97a81e04,4.0,40.0,1.0,13.0,1
70646,7c1e7ab7d709997,2.0,40.0,1.0,3.0,1
71199,7d1fb539191d338,5.0,40.0,1.0,11.0,1
73103,80d3453dc5f21e7,4.0,40.0,1.0,30.0,1
12224,135ceb5b815577a,3.0,40.0,0.0,20.0,1
40814,447162699c99066,2.0,40.0,0.0,2.0,1
81281,91441be14ab82be,1.0,40.0,0.0,3.0,1
83129,94ed6705c838023,1.0,40.0,0.0,19.0,1
132519,ff66b373534ba7e,1.0,40.0,0.0,2.0,1
40260,435ffd49c8f1e98,14.0,39.0,16.0,27.0,1
67646,762d45de7e16480,9.0,39.0,9.0,9.0,1
5690,08e11fded17f258,7.0,39.0,8.0,13.0,1
29621,3098aa9636fd860,11.0,39.0,8.0,9.0,1
48140,51949cd96deb828,9.0,39.0,8.0,14.0,1
97641,b2d5b8b5076784f,10.0,39.0,7.0,17.0,1
49580,542e172d5bd9041,6.0,39.0,6.0,10.0,1
44567,4b39b3fedc98f81,8.0,39.0,4.0,12.0,1
38955,412daeec08cc20d,12.0,39.0,3.0,11.0,1
48248,51cdb9bf522d286,4.0,39.0,3.0,8.0,1
109003,ca6c1fdeb01fefd,6.0,39.0,3.0,23.0,1
6422,0a0a742d0453a68,7.0,39.0,2.0,9.0,1
121298,e5d90797c11c4f5,5.0,39.0,2.0,5.0,1
132526,ff6b2aa6e2221ec,4.0,39.0,2.0,9.0,1
7396,0ba1fb87afbc105,3.0,39.0,1.0,4.0,1
43622,498f82fcb742bef,3.0,39.0,1.0,11.0,1
45269,4c6ae2750cf8f18,13.0,38.0,16.0,39.0,1
50069,550d9cc4a00ccf2,10.0,38.0,8.0,13.0,1
102845,bd632b7389c0e40,9.0,38.0,8.0,16.0,1
1298,0226b29725833e3,7.0,38.0,7.0,34.0,1
62524,6c6490ee32ead27,7.0,38.0,7.0,18.0,1
107558,c74e55048612536,7.0,38.0,7.0,7.0,1
72743,802684033c1c82e,6.0,38.0,6.0,20.0,1
100089,b7ca7bc752af58b,6.0,38.0,6.0,16.0,1
41314,455a9fd6c212c31,8.0,38.0,5.0,25.0,1
18510,1dc007d0608cfda,3.0,38.0,4.0,4.0,1
46572,4ec7a3e5fa085aa,5.0,38.0,4.0,12.0,1
50979,56b877d2ff754df,5.0,38.0,4.0,17.0,1
37841,3f2bdf696d279cc,5.0,38.0,3.0,19.0,1
113406,d426432c273e04e,3.0,38.0,3.0,6.0,1
119116,e0e4c61f66e01fd,6.0,38.0,3.0,13.0,1
5917,0932d8145a0c84e,14.0,38.0,2.0,14.0,1
34765,39df8d2577dbc14,2.0,38.0,2.0,5.0,1
4813,077e72a9b77f4ee,3.0,38.0,1.0,7.0,1
17188,1b8a474a0f1b6ca,3.0,38.0,1.0,5.0,1
36654,3d17c071b021f1c,1.0,38.0,1.0,1.0,1
72558,7fc22bb0ec4883c,6.0,38.0,1.0,8.0,1
106406,c4c48027732c21b,3.0,38.0,1.0,10.0,1
16898,1b0d732d46747cb,0.0,38.0,0.0,2.0,1
16923,1b18958fd1ff054,2.0,38.0,0.0,2.0,1
22300,23e29b76074830f,9.0,38.0,0.0,35.0,1
51762,583d7c862f60272,4.0,38.0,0.0,9.0,1
66045,731db070197b74f,2.0,38.0,0.0,2.0,1
86696,9c11131946b4fc9,3.0,38.0,0.0,5.0,1
98209,b403c8cb289e063,2.0,38.0,0.0,19.0,1
104284,c069f8f62f8892a,0.0,38.0,0.0,3.0,1
106245,c470bf722045203,1.0,38.0,0.0,9.0,1
107634,c77a1ca839e77a6,2.0,38.0,0.0,37.0,1
115535,d8cfed98f32bfe9,4.0,38.0,0.0,6.0,1
103523,bed2a1b1f97bf26,21.0,37.0,24.0,44.0,1
44448,4b0292075124832,14.0,37.0,13.0,14.0,1
80149,8eff5d6b9ff2647,13.0,37.0,12.0,16.0,1
92270,a772f884d89d265,10.0,37.0,9.0,24.0,1
13217,15073749cb087bf,17.0,37.0,8.0,31.0,1
99106,b5c59b8e29553c2,3.0,37.0,7.0,14.0,1
20334,20be0433bae6aae,10.0,37.0,6.0,36.0,1
23717,2639b13c8f76dc2,6.0,37.0,6.0,19.0,1
909,017eacd1ea4a35f,5.0,37.0,5.0,16.0,1
246,006f0efffdd891b,5.0,37.0,4.0,16.0,1
6097,098804b2b3841ba,12.0,37.0,4.0,33.0,1
21787,231ac5f0428f390,7.0,37.0,3.0,47.0,1
35851,3b9bc48bd4bfb35,8.0,37.0,3.0,17.0,1
95391,adf499a0b64c1bd,12.0,37.0,3.0,17.0,1
96144,af8b465410f3294,5.0,37.0,3.0,18.0,1
25330,28fa5530f480852,7.0,37.0,2.0,10.0,1
31613,34315fa70908092,6.0,37.0,2.0,16.0,1
69191,794a29aa3029fe0,5.0,37.0,2.0,10.0,1
108373,c90bc422c033d72,0.0,37.0,2.0,27.0,1
79168,8d1ed20deb2c809,3.0,37.0,1.0,22.0,1
79844,8e57b26f0bca1c9,0.0,37.0,1.0,5.0,1
92306,a785c6f689f24e1,5.0,37.0,1.0,11.0,1
79861,8e6049c31f15815,5.0,37.0,0.0,10.0,1
98064,b3ae21ff3ed980a,4.0,37.0,0.0,6.0,1
62058,6b784cb0569218a,27.0,36.0,19.0,40.0,1
132076,fe6315992e79c88,10.0,36.0,12.0,25.0,1
17043,1b500b787cfeab8,10.0,36.0,11.0,14.0,1
45102,4c2776987352408,13.0,36.0,11.0,12.0,1
33900,385ea3944c656de,8.0,36.0,9.0,19.0,1
36820,3d5a56bdb47ad79,10.0,36.0,8.0,12.0,1
50279,5571b8be0fa8a04,8.0,36.0,7.0,50.0,1
63955,6f1853970cc7eed,5.0,36.0,7.0,7.0,1
127300,f37055511955703,9.0,36.0,5.0,18.0,1
34146,38c58f7dffa74ce,4.0,36.0,4.0,4.0,1
54025,5c756d220b9014c,5.0,36.0,4.0,4.0,1
65751,728c203e1e9d1bd,9.0,36.0,4.0,20.0,1
75588,85c2cb5b89f6ec8,10.0,36.0,4.0,30.0,1
86882,9c73814e88fe156,6.0,36.0,4.0,27.0,1
11951,12f176061eb874d,2.0,36.0,3.0,3.0,1
17242,1ba20d771691a11,4.0,36.0,3.0,46.0,1
41541,45c949a6e19d5c8,4.0,36.0,3.0,5.0,1
60852,6917999f7ee5363,5.0,36.0,3.0,12.0,1
61897,6b2604fc6c5a292,5.0,36.0,3.0,5.0,1
114784,d72c535ffded30c,5.0,36.0,3.0,23.0,1
10580,10b220dd6b198dd,2.0,36.0,2.0,2.0,1
13422,155cce93c714b94,2.0,36.0,2.0,2.0,1
33916,3864f251f59f487,2.0,36.0,2.0,42.0,1
68227,77538793d9f03c4,6.0,36.0,2.0,26.0,1
110846,ce8f7a351870fca,5.0,36.0,2.0,5.0,1
124900,ee18c45a2ef51ea,3.0,36.0,2.0,15.0,1
129576,f89069b3f9a7ac2,9.0,36.0,2.0,10.0,1
50811,567225a8c07cc69,4.0,36.0,1.0,18.0,1
87692,9e0c15148520c25,5.0,36.0,1.0,7.0,1
108849,ca149193a0dca2c,1.0,36.0,1.0,5.0,1
51424,578a45d7d81512b,5.0,36.0,0.0,9.0,1
76823,88570225acc8ad8,1.0,36.0,0.0,4.0,1
109293,cb0d5c9a0907b29,1.0,36.0,0.0,2.0,1
45189,4c4d31b38e5674a,4.0,35.0,14.0,27.0,1
127462,f3be7062ce7e8d8,10.0,35.0,12.0,13.0,1
129977,f9784d404ddbc14,12.0,35.0,11.0,13.0,1
109294,cb0d8eca4285403,8.0,35.0,10.0,9.0,1
21938,235814a746bb61a,5.0,35.0,9.0,15.0,1
23166,2542ffc8730f05a,9.0,35.0,7.0,18.0,1
59206,660ad2ed801a7ef,7.0,35.0,7.0,20.0,1
91977,a6db9f2ab82abf2,52.0,35.0,7.0,52.0,1
131207,fc588cae04bcca9,7.0,35.0,7.0,16.0,1
7146,0b3c2688916ecbd,8.0,35.0,6.0,16.0,1
52945,5a625d4fbd4431f,8.0,35.0,6.0,29.0,1
108556,c967dd6b254b7f3,9.0,35.0,6.0,44.0,1
7115,0b2fda47137d923,3.0,35.0,4.0,5.0,1
96822,b0fffd64ca0e98f,7.0,35.0,4.0,12.0,1
114189,d5c4100777a7cf2,4.0,35.0,4.0,10.0,1
22103,2390b95331c4b61,3.0,35.0,3.0,4.0,1
81273,91420674246ab12,7.0,35.0,3.0,15.0,1
89756,a2670205f95b598,3.0,35.0,3.0,11.0,1
107514,c738d4de6bbb5e7,4.0,35.0,3.0,6.0,1
7728,0c29c23837d220f,5.0,35.0,2.0,48.0,1
26221,2a7eb98657f016f,6.0,35.0,2.0,18.0,1
43959,4a24ceae05d63b1,3.0,35.0,2.0,23.0,1
44015,4a3d43ff9c855d3,4.0,35.0,2.0,29.0,1
73388,816ed06fed6a7f5,5.0,35.0,2.0,7.0,1
88035,9ecd0e20be928d5,2.0,35.0,2.0,2.0,1
105597,c3124e13e10252c,2.0,35.0,2.0,13.0,1
127961,f4e1602e269f434,2.0,35.0,2.0,2.0,1
36101,3c114b3774cfb18,4.0,35.0,1.0,6.0,1
42742,47f9f05b2add4a6,6.0,35.0,1.0,9.0,1
112387,d1f1b74374351fd,2.0,35.0,1.0,5.0,1
122818,e95045008d5df93,2.0,35.0,1.0,13.0,1
130982,fbcf63f96d0cfaa,2.0,35.0,1.0,3.0,1
52786,5a1472dfc2195cc,3.0,35.0,0.0,8.0,1
57988,63d328092f3eb32,1.0,35.0,0.0,2.0,1
63444,6e1ea69488937f2,1.0,35.0,0.0,2.0,1
77346,8975b18820725b6,3.0,35.0,0.0,4.0,1
79067,8ceb0d6a448d3bd,1.0,35.0,0.0,5.0,1
88772,a046bc3f426861f,1.0,35.0,0.0,2.0,1
59489,668e63e1240f54f,15.0,34.0,12.0,14.0,1
125130,eea022d30d8290b,12.0,34.0,10.0,13.0,1
26385,2ac0e4e900a0f37,8.0,34.0,8.0,9.0,1
4402,06dc630f5910238,6.0,34.0,7.0,21.0,1
6280,09d31f27523e8f3,19.0,34.0,7.0,48.0,1
15845,194546a28a2eeaa,3.0,34.0,7.0,16.0,1
35797,3b807b47d30bfb7,8.0,34.0,7.0,20.0,1
94616,ac52ebc4ea501e4,11.0,34.0,7.0,11.0,1
7720,0c26a782965668a,9.0,34.0,6.0,19.0,1
37701,3ee091585695d22,8.0,34.0,6.0,22.0,1
7284,0b73eda32151281,9.0,34.0,5.0,8.0,1
21024,21e1cc9b291748b,8.0,34.0,5.0,23.0,1
36895,3d79d3a0b2f4923,7.0,34.0,5.0,24.0,1
66849,749eb3381a5c185,2.0,34.0,4.0,13.0,1
93787,aaa4bff9c3f2206,6.0,34.0,4.0,41.0,1
97291,b20faecc9fdc77f,7.0,34.0,4.0,5.0,1
66351,73bb368364f9087,5.0,34.0,3.0,13.0,1
105277,c26f7646c830408,3.0,34.0,3.0,12.0,1
123294,ea5f5e87b5f9dcf,5.0,34.0,3.0,5.0,1
20301,20b3493e4828278,3.0,34.0,2.0,3.0,1
21571,22be4e13211e53c,2.0,34.0,2.0,11.0,1
39703,42750ab8b540a9c,5.0,34.0,2.0,8.0,1
50873,568e67edd5451e7,5.0,34.0,2.0,7.0,1
51145,5709352c2f02c06,3.0,34.0,2.0,19.0,1
63343,6df2fd6d03bad7a,3.0,34.0,2.0,3.0,1
67580,7612946730d4da4,3.0,34.0,2.0,2.0,1
83555,95cd05b5ce4752f,7.0,34.0,2.0,30.0,1
97867,b34c14ca698ebae,3.0,34.0,2.0,11.0,1
124814,ede1b63f66e2a1a,2.0,34.0,2.0,3.0,1
125023,ee5f38ecd951977,3.0,34.0,2.0,2.0,1
25347,2902bfa9cf2da68,6.0,34.0,1.0,8.0,1
26206,2a79b620b030d26,6.0,34.0,1.0,12.0,1
48209,51bcfde5386367f,2.0,34.0,1.0,5.0,1
63953,6f180d15aab3217,5.0,34.0,1.0,21.0,1
94709,ac8375f8f541c22,4.0,34.0,1.0,11.0,1
113022,d34a44cb3475bab,4.0,34.0,1.0,6.0,1
126109,f0d2bd1f494ff18,3.0,34.0,1.0,7.0,1
30774,329fa70b64a3f2b,0.0,34.0,0.0,1.0,1
88885,a086c104025f0aa,14.0,34.0,0.0,27.0,1
92168,a73db795a2260a4,4.0,34.0,0.0,8.0,1
124972,ee460c3315064cd,6.0,33.0,12.0,17.0,1
68043,76f8d9559bae5e3,11.0,33.0,10.0,11.0,1
72168,7f000afd3242a70,28.0,33.0,7.0,31.0,1
114646,d6d060966a7e2be,6.0,33.0,7.0,28.0,1
120548,e426bc236b3d55e,6.0,33.0,7.0,8.0,1
62874,6d0f80be21f4166,5.0,33.0,6.0,7.0,1
63962,6f1a6d0c01fe6ba,4.0,33.0,6.0,22.0,1
46160,4dfb365d34388ed,4.0,33.0,5.0,13.0,1
52383,595c2dd23a5435a,8.0,33.0,5.0,44.0,1
41222,452ed322e0c66ca,5.0,33.0,4.0,9.0,1
87138,9cf55acb8fc8381,6.0,33.0,4.0,11.0,1
8301,0d1eefdba34e1a4,3.0,33.0,3.0,5.0,1
30023,314b99096343b8c,6.0,33.0,3.0,6.0,1
30025,314c0199fbb9225,3.0,33.0,3.0,17.0,1
64651,7075bbdbc3658f6,24.0,33.0,3.0,31.0,1
82863,9459b8e4acfd029,4.0,33.0,3.0,6.0,1
2290,03b14ea1ae2f3f2,5.0,33.0,2.0,10.0,1
34026,388f602a591bf94,5.0,33.0,2.0,8.0,1
35157,3a7cb8b4cc057c7,9.0,33.0,2.0,18.0,1
42995,487cfec133589c3,1.0,33.0,2.0,3.0,1
50462,55c7e130a61899d,6.0,33.0,2.0,7.0,1
73092,80cf0bd681271a3,4.0,33.0,2.0,10.0,1
75330,85491e81b85eb8d,2.0,33.0,2.0,3.0,1
85590,99d707bc37eaca8,2.0,33.0,2.0,2.0,1
95934,af175e0c269aeed,3.0,33.0,2.0,3.0,1
106863,c5c50f15d0c4cc2,3.0,33.0,2.0,12.0,1
5928,0939c365357d4c6,2.0,33.0,1.0,4.0,1
23199,25526b530071452,8.0,33.0,1.0,0.0,1
25502,294a203cc3c0c61,3.0,33.0,1.0,4.0,1
34104,38b5ecc62b0254e,3.0,33.0,1.0,9.0,1
44179,4a7ca2276b7f843,7.0,33.0,1.0,11.0,1
62343,6c0a03ecb14475a,3.0,33.0,1.0,4.0,1
64104,6f6424f09ef50a6,2.0,33.0,1.0,9.0,1
65890,72d2a1ad65a8283,6.0,33.0,1.0,6.0,1
93986,ab0fe133b0f8ab2,1.0,33.0,1.0,2.0,1
96408,b01e3cba749610c,3.0,33.0,1.0,4.0,1
126583,f1e593995170691,5.0,33.0,1.0,3.0,1
20500,2104742c76699d5,1.0,33.0,0.0,7.0,1
42780,4815d5bce1c5d7d,21.0,33.0,0.0,19.0,1
48774,52bc9689769bdc8,1.0,33.0,0.0,2.0,1
101572,bad446a3d69c167,0.0,33.0,0.0,1.0,1
118986,e095cf50dc3595b,3.0,33.0,0.0,9.0,1
128943,f71981733e2342a,0.0,33.0,0.0,13.0,1
106701,c56475112ef094b,12.0,32.0,8.0,24.0,1
120544,e424887287fd4c1,28.0,32.0,8.0,45.0,1
11700,128b9446de54991,9.0,32.0,7.0,9.0,1
40694,443cf2fb82e4f1e,7.0,32.0,7.0,16.0,1
97663,b2df9ef2ed1e087,7.0,32.0,7.0,7.0,1
105152,c230dee76244bf9,6.0,32.0,7.0,9.0,1
113835,d50b29759951e0d,10.0,32.0,7.0,7.0,1
33411,3781400ad4c8b65,5.0,32.0,6.0,52.0,1
33292,374997365c82c34,14.0,32.0,5.0,16.0,1
106078,c42431c13caf592,5.0,32.0,5.0,16.0,1
38285,40051bacc581342,13.0,32.0,4.0,15.0,1
47376,5033215aad31491,4.0,32.0,4.0,16.0,1
66617,743827cffd6b1e3,6.0,32.0,4.0,22.0,1
101689,bb0e22a802005f1,4.0,32.0,4.0,12.0,1
108153,c88cec0ac5e6e40,8.0,32.0,4.0,8.0,1
12424,13b32dd29003692,5.0,32.0,3.0,10.0,1
37653,3ecabba253279fe,2.0,32.0,3.0,5.0,1
49129,535f2069c6d4886,2.0,32.0,3.0,3.0,1
56922,61e712e9155f945,5.0,32.0,3.0,4.0,1
101006,b9a0f35d010a9bd,6.0,32.0,3.0,6.0,1
103185,be1ba30a59628b4,11.0,32.0,3.0,19.0,1
105704,c3532ff57e51049,4.0,32.0,3.0,5.0,1
118835,e0339f99bd53077,7.0,32.0,3.0,11.0,1
31147,33533e521861578,8.0,32.0,2.0,12.0,1
37876,3f38016e8423ee4,1.0,32.0,2.0,2.0,1
48075,5173c10d364dc0e,3.0,32.0,2.0,9.0,1
53910,5c42c63efaefa57,6.0,32.0,2.0,2.0,1
63402,6e0a5316e4152ea,6.0,32.0,2.0,19.0,1
71428,7d891e81ea4383b,6.0,32.0,2.0,7.0,1
73147,80f3f3890252f5d,0.0,32.0,2.0,4.0,1
88146,9efe667b5f93edd,3.0,32.0,2.0,3.0,1
97310,b21a3655bbf63ac,3.0,32.0,2.0,23.0,1
108555,c9674f10231c947,1.0,32.0,2.0,2.0,1
116531,daf58f7e4f6c84a,4.0,32.0,2.0,7.0,1
124142,ec3e07e9e786098,2.0,32.0,2.0,12.0,1
11111,118ce9bab0892c8,1.0,32.0,1.0,18.0,1
42452,4773654bb563db9,7.0,32.0,1.0,7.0,1
64529,703edd775d3f3ce,3.0,32.0,1.0,25.0,1
16282,1a0014c1874dc35,0.0,32.0,0.0,2.0,1
18522,1dc44b9de8732e4,0.0,32.0,0.0,1.0,1
34113,38b946869b6d0cc,2.0,32.0,0.0,2.0,1
44513,4b1e7c551b896d9,5.0,32.0,0.0,18.0,1
51312,575e502f863fe01,2.0,32.0,0.0,11.0,1
72936,808358d15a37e46,0.0,32.0,0.0,2.0,1
59146,65eaf6cdd502e24,16.0,31.0,10.0,20.0,1
55613,5f79f5c835907c9,8.0,31.0,8.0,10.0,1
53049,5a930c11f3c7acd,6.0,31.0,7.0,16.0,1
127700,f448f6fe1c5f950,6.0,31.0,7.0,7.0,1
50720,563bb8e8ba54367,2.0,31.0,6.0,39.0,1
80450,8f91c61e4aaf7d6,7.0,31.0,6.0,7.0,1
131295,fc8aec9e690fdbd,5.0,31.0,6.0,22.0,1
37916,3f4d6b7a44408cc,3.0,31.0,5.0,43.0,1
63842,6eddf793a1e5b2d,7.0,31.0,5.0,21.0,1
97947,b374e98a9edfb6a,14.0,31.0,5.0,22.0,1
105520,c2eb5526d168e32,7.0,31.0,5.0,7.0,1
74101,82cce7deaceb483,5.0,31.0,4.0,25.0,1
96356,b005a61a2a1007f,15.0,31.0,4.0,24.0,1
98080,b3b6c1b395c2540,5.0,31.0,4.0,28.0,1
5818,090a6c43f606b2d,6.0,31.0,3.0,6.0,1
18213,1d3b59e10a2fe2a,3.0,31.0,3.0,7.0,1
35179,3a86d87c92c3ce8,3.0,31.0,3.0,3.0,1
39076,41649d7e96fa2d8,3.0,31.0,3.0,35.0,1
50928,56a4f6588589ee4,5.0,31.0,3.0,14.0,1
54458,5d4e8c6fb727674,15.0,31.0,3.0,24.0,1
57658,633e51c266391a3,3.0,31.0,3.0,6.0,1
58912,65725ec2a8f53a5,5.0,31.0,3.0,4.0,1
72281,7f3fccb4a57429f,6.0,31.0,3.0,6.0,1
73552,81c35dbe288546f,23.0,31.0,3.0,22.0,1
88616,9ff23544908bdc2,2.0,31.0,3.0,3.0,1
105490,c2dd414d51e3aa7,4.0,31.0,3.0,4.0,1
110471,cdcd11ee3dc7c50,4.0,31.0,3.0,8.0,1
17903,1cb24922dcfc5cc,5.0,31.0,2.0,8.0,1
25603,29703672258c1b5,5.0,31.0,2.0,7.0,1
35861,3ba2e00151b40e2,6.0,31.0,2.0,6.0,1
44058,4a506a7146bc9fa,3.0,31.0,2.0,4.0,1
67530,75f7e1efce012c7,6.0,31.0,2.0,45.0,1
91596,a60e91d8c1515f1,6.0,31.0,2.0,12.0,1
93465,a9ef38742440b70,5.0,31.0,2.0,6.0,1
107125,c65944bd466ec5b,3.0,31.0,2.0,3.0,1
111108,cf2be5d6545d49e,1.0,31.0,2.0,2.0,1
118104,de7eeae69a5cb01,3.0,31.0,2.0,3.0,1
12716,1429e23e247b947,2.0,31.0,1.0,12.0,1
19590,1f9239ef2284608,3.0,31.0,1.0,21.0,1
31621,3437b3a4274d390,0.0,31.0,1.0,2.0,1
32068,35018f4d75939c4,1.0,31.0,1.0,4.0,1
33349,37621c7448a8e06,2.0,31.0,1.0,2.0,1
40896,44991c35e0e9706,4.0,31.0,1.0,7.0,1
54585,5d84815bb19bb14,9.0,31.0,1.0,26.0,1
57690,634db52b7ad5c0c,5.0,31.0,1.0,7.0,1
82500,93a1f5d2bed163c,4.0,31.0,1.0,16.0,1
88167,9f0976ff8160bd2,1.0,31.0,1.0,2.0,1
97593,b2bd68a8012a6fb,1.0,31.0,1.0,4.0,1
11335,11f577b966495ef,1.0,31.0,0.0,5.0,1
38412,403ee92922c39a1,0.0,31.0,0.0,6.0,1
71591,7de2f01b1deede3,3.0,31.0,0.0,3.0,1
74371,8356266ee236257,5.0,31.0,0.0,2.0,1
89099,a0fadcf4b619012,5.0,31.0,0.0,5.0,1
93549,aa1ee3a8f4bdcee,0.0,31.0,0.0,7.0,1
98430,b465fbb8ecca442,3.0,31.0,0.0,9.0,1
102788,bd467fcde39d6f9,0.0,31.0,0.0,1.0,1
104518,c0e73c9c680a040,0.0,31.0,0.0,2.0,1
118691,dfd1aa440e7fe86,0.0,31.0,0.0,8.0,1
7888,0c6e6aee5218241,9.0,30.0,9.0,21.0,1
17602,1c44588d1a45f28,9.0,30.0,7.0,14.0,1
21973,23659f898f63fc4,3.0,30.0,7.0,38.0,1
76025,869e7788f5a8262,6.0,30.0,7.0,10.0,1
4330,06bfaab5fffc909,6.0,30.0,6.0,6.0,1
6879,0acccc09876d7ea,3.0,30.0,6.0,22.0,1
20090,2060c127ab3a9d9,7.0,30.0,5.0,10.0,1
22486,2430f424830789a,7.0,30.0,5.0,28.0,1
29789,30e251144cf11ac,4.0,30.0,5.0,8.0,1
37580,3eaf987dfdf3abd,8.0,30.0,5.0,27.0,1
51214,572c644dd3d6963,4.0,30.0,5.0,5.0,1
66602,7431a694ecf81a3,7.0,30.0,5.0,10.0,1
83142,94f67230d38d90d,7.0,30.0,4.0,21.0,1
107765,c7bf9da20d0d3ce,2.0,30.0,4.0,11.0,1
118316,def7d3044ba9099,8.0,30.0,4.0,11.0,1
130233,fa0c9f71eae9b84,3.0,30.0,4.0,16.0,1
14835,17a4acde9bfa19e,6.0,30.0,3.0,47.0,1
25578,29674a5bd66c42f,5.0,30.0,3.0,6.0,1
28480,2e8b3139769a0c4,3.0,30.0,3.0,6.0,1
51585,57d96c29d3c5789,5.0,30.0,3.0,6.0,1
53589,5bab0045503c61d,8.0,30.0,3.0,11.0,1
67847,7697ddd73dcdd0e,7.0,30.0,3.0,14.0,1
87731,9e1ff14a23f4b99,2.0,30.0,3.0,6.0,1
128343,f5c12b668e703db,5.0,30.0,3.0,16.0,1
2535,040e6bdbbee9dc7,2.0,30.0,2.0,10.0,1
4858,0793555900c09f3,3.0,30.0,2.0,4.0,1
30216,31acec33045dfc6,4.0,30.0,2.0,9.0,1
32873,36802d35637aacd,6.0,30.0,2.0,10.0,1
33042,36d175fb07d01e8,2.0,30.0,2.0,9.0,1
33126,36fdb423bf10239,4.0,30.0,2.0,19.0,1
40592,44081f2f5fb9063,2.0,30.0,2.0,4.0,1
41257,453f722a747b48c,3.0,30.0,2.0,4.0,1
41275,45479f3fd03d29e,5.0,30.0,2.0,4.0,1
55400,5f046f8de418524,6.0,30.0,2.0,24.0,1
66285,7399f9bf1352d87,2.0,30.0,2.0,31.0,1
69107,79244224e7f8777,4.0,30.0,2.0,11.0,1
90325,a3805ca54241897,5.0,30.0,2.0,8.0,1
91996,a6e63b19ec8a69c,2.0,30.0,2.0,4.0,1
92689,a8594a85b68131f,4.0,30.0,2.0,10.0,1
94965,ad15df8fce006a5,2.0,30.0,2.0,2.0,1
5689,08e1072197438cb,0.0,30.0,1.0,2.0,1
13330,15327523781f706,1.0,30.0,1.0,4.0,1
57698,634fa3ac423ce0b,1.0,30.0,1.0,17.0,1
72484,7fa0011130f1f5b,3.0,30.0,1.0,10.0,1
78194,8b30b6bb501219b,1.0,30.0,1.0,16.0,1
79037,8cd99d215a736f8,0.0,30.0,1.0,0.0,1
97675,b2e44ef1c015fa2,7.0,30.0,1.0,11.0,1
5183,08182f376bc95d5,2.0,30.0,0.0,3.0,1
13859,161892be97d3669,3.0,30.0,0.0,13.0,1
47766,50e11a4a66b2a03,0.0,30.0,0.0,1.0,1
48580,525f81433b24fe5,5.0,30.0,0.0,14.0,1
63624,6e7ac5fbc197469,4.0,30.0,0.0,8.0,1
94661,ac6cd39d0282b2c,3.0,30.0,0.0,4.0,1
97193,b1d5a8edbe5fa94,2.0,30.0,0.0,3.0,1
103991,bfd5bff2e838bc0,0.0,30.0,0.0,1.0,1
122051,e787c9dcaef279e,11.0,29.0,8.0,21.0,1
81288,914651800c44ec6,7.0,29.0,6.0,8.0,1
119832,e27dae64ba855e6,6.0,29.0,6.0,23.0,1
16246,19f0b0a3835ff8e,13.0,29.0,5.0,18.0,1
17321,1bc6830066d4bbc,25.0,29.0,5.0,28.0,1
72218,7f1e39bf069b5dd,8.0,29.0,5.0,8.0,1
93546,aa1e30a2756592f,4.0,29.0,5.0,3.0,1
97503,b28d640716dde9d,6.0,29.0,5.0,31.0,1
68038,76f6c9594729242,6.0,29.0,4.0,10.0,1
97716,b2ff0862649d40a,5.0,29.0,4.0,18.0,1
105000,c1e17a92f64c04b,3.0,29.0,4.0,11.0,1
8441,0d52f1b606e3508,3.0,29.0,3.0,10.0,1
9974,0fba88407e1ab02,5.0,29.0,3.0,3.0,1
23853,26760ca163db7b7,5.0,29.0,3.0,4.0,1
28625,2ed382d467aeab9,4.0,29.0,3.0,5.0,1
65945,72f3fd98b1fe180,8.0,29.0,3.0,11.0,1
107607,c768b2f8a0215ea,4.0,29.0,3.0,4.0,1
108447,c92f9def40a168a,4.0,29.0,3.0,11.0,1
20974,21d19078519f316,2.0,29.0,2.0,5.0,1
34686,39bbde1595265f6,3.0,29.0,2.0,3.0,1
37895,3f421b9ed2c1ba3,3.0,29.0,2.0,3.0,1
39321,41c9b778564b0e1,2.0,29.0,2.0,35.0,1
39524,4221daa6c55e6dd,18.0,29.0,2.0,18.0,1
42822,482780182b5cf7c,5.0,29.0,2.0,9.0,1
47883,5118013eb4e265b,6.0,29.0,2.0,23.0,1
53388,5b4eb1a2bbedff6,4.0,29.0,2.0,18.0,1
54478,5d58a4c7382c36d,0.0,29.0,2.0,2.0,1
64439,700e00f19c85f1b,3.0,29.0,2.0,3.0,1
101569,bad2d00ed0b8572,6.0,29.0,2.0,9.0,1
3760,05e23359fed7f3d,4.0,29.0,1.0,14.0,1
27287,2c6126f6f5cc5d3,6.0,29.0,1.0,13.0,1
72802,80426e31dd99687,2.0,29.0,1.0,21.0,1
111734,d092ce520b8fe3f,1.0,29.0,1.0,2.0,1
114731,d70d109dc73f8f5,2.0,29.0,1.0,14.0,1
775,0148911fe14aff2,2.0,29.0,0.0,10.0,1
1994,033daa2b0d9d8b3,2.0,29.0,0.0,8.0,1
9538,0f0b0a70eb46788,2.0,29.0,0.0,4.0,1
19152,1edb26d5f7a217a,4.0,29.0,0.0,8.0,1
34939,3a23e6c54088c69,1.0,29.0,0.0,15.0,1
49813,5499f2e7b98804d,5.0,29.0,0.0,15.0,1
93757,aa92d51e2591b41,2.0,29.0,0.0,4.0,1
116786,db8a224ade72a6f,2.0,29.0,0.0,11.0,1
121708,e6c5c87e35aeadf,2.0,29.0,0.0,3.0,1
55512,5f403367e9e89cb,9.0,28.0,8.0,9.0,1
34752,39da9164317a842,2.0,28.0,7.0,8.0,1
26100,2a50cd48a0da97d,1.0,28.0,5.0,7.0,1
28374,2e5d4dfc3ec4743,4.0,28.0,5.0,28.0,1
58211,6431408b8ee52d6,3.0,28.0,5.0,43.0,1
84345,97625a4f4ac339a,7.0,28.0,5.0,16.0,1
103277,be428c7c154c8bb,5.0,28.0,5.0,24.0,1
5549,08acbcd6cd902d5,4.0,28.0,4.0,18.0,1
83604,95ec2b957ee69f1,2.0,28.0,4.0,7.0,1
98487,b483c106dffef12,7.0,28.0,4.0,17.0,1
113805,d4ff8b213903c35,6.0,28.0,4.0,23.0,1
6834,0abb2f699022a3a,7.0,28.0,3.0,34.0,1
19798,1fe85e32715e06f,8.0,28.0,3.0,14.0,1
57372,62ba44ad93d40b9,5.0,28.0,3.0,22.0,1
126219,f11031d7903c1ce,5.0,28.0,3.0,15.0,1
127061,f2eb452456c1f31,3.0,28.0,3.0,15.0,1
2414,03e2c4bad6ddcdd,5.0,28.0,2.0,7.0,1
10205,10122336fec996a,2.0,28.0,2.0,3.0,1
44148,4a6f4755e41b702,7.0,28.0,2.0,3.0,1
5427,0878de91564484a,3.0,28.0,1.0,11.0,1
13250,151554bc88c531c,1.0,28.0,1.0,2.0,1
26016,2a26f6473ed3208,2.0,28.0,1.0,16.0,1
28946,2f6774983871691,3.0,28.0,1.0,15.0,1
34381,393270b3689c413,1.0,28.0,1.0,4.0,1
54280,5cf2ca48daef5b7,1.0,28.0,1.0,24.0,1
65373,71d45a0c4ef789f,1.0,28.0,1.0,4.0,1
78577,8becbb763ecf356,1.0,28.0,1.0,14.0,1
83149,94f9d79bb406f85,4.0,28.0,1.0,7.0,1
95490,ae27d8d5f226595,2.0,28.0,1.0,2.0,1
100208,b808bbc2f7b4a45,2.0,28.0,1.0,9.0,1
106435,c4d41eefb3d8093,2.0,28.0,1.0,2.0,1
113367,d413c042937728f,10.0,28.0,1.0,9.0,1
115977,d9c9bed3855f771,4.0,28.0,1.0,2.0,1
116993,dc0746468ad2fd9,3.0,28.0,1.0,9.0,1
124983,ee4baf334314440,2.0,28.0,1.0,22.0,1
129285,f7df944f1fc9f98,1.0,28.0,1.0,9.0,1
11157,119eba128fb7be4,2.0,28.0,0.0,2.0,1
18166,1d26319e71fb8db,0.0,28.0,0.0,4.0,1
41106,44fa2099c4ba6ec,1.0,28.0,0.0,2.0,1
43002,48803b0cd1b6255,1.0,28.0,0.0,4.0,1
53621,5bba6ffe3dfe127,2.0,28.0,0.0,2.0,1
54387,5d29bb61cf183fc,2.0,28.0,0.0,2.0,1
67274,757cd95a1b4c454,3.0,28.0,0.0,3.0,1
77896,8a9db4920840203,3.0,28.0,0.0,5.0,1
80515,8fb3876f30a0089,3.0,28.0,0.0,2.0,1
81602,91dfffecf3b8192,3.0,28.0,0.0,3.0,1
88863,a07745e9f675124,2.0,28.0,0.0,2.0,1
107804,c7d5890566ac6ef,1.0,28.0,0.0,2.0,1
119940,e2be4d66f7e118c,4.0,28.0,0.0,8.0,1
126686,f21c34408a6576f,2.0,28.0,0.0,16.0,1
127503,f3d5a6c3721b46e,1.0,28.0,0.0,2.0,1
128232,f584e27222d5f77,2.0,28.0,0.0,2.0,1
84197,971627585645731,21.0,27.0,12.0,29.0,1
12938,148ebd7b299a701,7.0,27.0,8.0,18.0,1
57192,6267e5ec1e4cdf9,8.0,27.0,8.0,19.0,1
77756,8a508f15d3ebf10,8.0,27.0,7.0,16.0,1
82981,9499ad02cd3b127,8.0,27.0,7.0,9.0,1
85240,992a884d828e7b2,3.0,27.0,7.0,9.0,1
96923,b13a2d73c31d394,8.0,27.0,7.0,8.0,1
21241,22390a057b46870,5.0,27.0,6.0,14.0,1
36540,3cdccec38d86b9c,6.0,27.0,6.0,15.0,1
67898,76ae67580e67c18,3.0,27.0,6.0,17.0,1
126745,f23c18308015dd8,2.0,27.0,6.0,14.0,1
1211,01ffe10a6f1ab80,5.0,27.0,5.0,23.0,1
48836,52de17337ed56b2,4.0,27.0,5.0,21.0,1
53595,5bad24055238ebb,4.0,27.0,5.0,7.0,1
81581,91da3dfdafaf713,9.0,27.0,5.0,14.0,1
17695,1c6c1aa5362b94f,7.0,27.0,4.0,19.0,1
48061,516c323046ac5a0,4.0,27.0,4.0,5.0,1
69549,79f897e8d9efd97,12.0,27.0,4.0,19.0,1
109268,cb02fb1aad906df,4.0,27.0,4.0,4.0,1
8253,0d05bf67f363806,4.0,27.0,3.0,4.0,1
29600,308e3ea720562a6,4.0,27.0,3.0,14.0,1
70445,7bb9819295dd63c,7.0,27.0,3.0,19.0,1
95590,ae5aa61e4bdb976,5.0,27.0,3.0,5.0,1
1392,0252350370588e6,6.0,27.0,2.0,16.0,1
1465,026b5c98b698797,5.0,27.0,2.0,7.0,1
14282,16b710bdce92be9,5.0,27.0,2.0,7.0,1
19646,1fab04b968d1e9b,2.0,27.0,2.0,13.0,1
75877,8659dd4c3ef5156,2.0,27.0,2.0,3.0,1
7797,0c46147f54b4920,1.0,27.0,1.0,13.0,1
9752,0f615c446f88a0b,4.0,27.0,1.0,8.0,1
15859,194dae5c425f6c2,2.0,27.0,1.0,13.0,1
22605,2466bb944ff02cd,5.0,27.0,1.0,8.0,1
24609,27af1c9ea033358,2.0,27.0,1.0,3.0,1
25849,29dd4a3bc2a4a92,7.0,27.0,1.0,12.0,1
32805,366246e641ac1ce,3.0,27.0,1.0,3.0,1
34486,3960f4524c3bc12,3.0,27.0,1.0,29.0,1
52650,59dae758246a91e,3.0,27.0,1.0,4.0,1
57311,629ae7964a075cf,1.0,27.0,1.0,15.0,1
68021,76ef6a7c94c83e1,2.0,27.0,1.0,11.0,1
81018,90bd5732ebeb30c,2.0,27.0,1.0,2.0,1
90527,a3e276b53f2e2c3,2.0,27.0,1.0,9.0,1
93582,aa348803c9c6f17,2.0,27.0,1.0,9.0,1
128586,f64d1a42135727b,3.0,27.0,1.0,48.0,1
16846,1af498171824d10,3.0,27.0,0.0,3.0,1
16929,1b1cc958e497438,3.0,27.0,0.0,3.0,1
21131,220cad1bfac4fc3,3.0,27.0,0.0,4.0,1
24634,27c145023cf7cfb,0.0,27.0,0.0,3.0,1
29799,30e56b10a7aee34,0.0,27.0,0.0,4.0,1
38100,3faf4e718a807be,1.0,27.0,0.0,4.0,1
42118,46d5e29fe9136b3,3.0,27.0,0.0,3.0,1
46484,4e9e343556ab2f4,3.0,27.0,0.0,2.0,1
52378,59596ca210e1f94,1.0,27.0,0.0,10.0,1
60538,68708dc8f4e001d,0.0,27.0,0.0,12.0,1
82531,93b1b395720559d,2.0,27.0,0.0,5.0,1
90999,a4d6529e9c87924,5.0,27.0,0.0,8.0,1
92323,a78cf5ff345045b,3.0,27.0,0.0,4.0,1
104525,c0eb6f24dc03648,4.0,27.0,0.0,2.0,1
113698,d4c83427bbc03e0,3.0,27.0,0.0,2.0,1
117342,dcc1b8c030a4daa,3.0,27.0,0.0,5.0,1
16221,19e64b5ec2ea846,10.0,26.0,19.0,63.0,1
28958,2f6af269094a44c,15.0,26.0,9.0,32.0,1
58201,642b72b00098efe,4.0,26.0,9.0,37.0,1
89206,a1374b286819e58,3.0,26.0,8.0,10.0,1
21113,2205fd654a201f9,9.0,26.0,7.0,44.0,1
21607,22cc6ae986e73cc,7.0,26.0,7.0,9.0,1
90690,a4378bcfe38f674,2.0,26.0,7.0,8.0,1
123275,ea5833b7f86beb2,4.0,26.0,7.0,22.0,1
21621,22d2bc263778c5d,7.0,26.0,5.0,17.0,1
77170,891ff9179c8b392,5.0,26.0,5.0,20.0,1
18959,1e8b82b245de36e,7.0,26.0,4.0,20.0,1
38874,410d78d0ac1eee6,1.0,26.0,4.0,7.0,1
62972,6d41cff48b2c4f7,4.0,26.0,4.0,5.0,1
126225,f113702006ed7f2,8.0,26.0,4.0,15.0,1
49097,53521a79a1513a4,1.0,26.0,3.0,3.0,1
58496,64babae5ec9ebf2,4.0,26.0,3.0,4.0,1
60736,68dc94c7ddc0c43,3.0,26.0,3.0,22.0,1
62486,6c510e7b85229a8,7.0,26.0,3.0,17.0,1
78445,8bb05877aad188f,4.0,26.0,3.0,4.0,1
81867,9260e556cf32153,4.0,26.0,3.0,4.0,1
85189,9912c3887ccfc58,5.0,26.0,3.0,15.0,1
125818,f01ba53077d60d1,4.0,26.0,3.0,11.0,1
131379,fcc616f820810a1,4.0,26.0,3.0,4.0,1
6918,0adcb5e5bf543c7,4.0,26.0,2.0,9.0,1
41476,45adedf1ce30f9f,7.0,26.0,2.0,10.0,1
106631,c540cc3decaf61e,3.0,26.0,2.0,13.0,1
125569,ef8fb0c942f3bd3,2.0,26.0,2.0,3.0,1
3418,055adb317bcb327,6.0,26.0,1.0,11.0,1
14826,17a2be575a38afc,0.0,26.0,1.0,4.0,1
45980,4db50476d499b4c,2.0,26.0,1.0,9.0,1
47671,50b5319dc38af09,3.0,26.0,1.0,3.0,1
59391,6660edc2a5283f6,3.0,26.0,1.0,4.0,1
74317,8333f4b3c13a8d6,1.0,26.0,1.0,8.0,1
92334,a78ff12d9a9af9e,3.0,26.0,1.0,8.0,1
99934,b774dac55f0e3b5,2.0,26.0,1.0,2.0,1
108420,c922cde8c1f58f9,2.0,26.0,1.0,2.0,1
115837,d980f2106767ba3,4.0,26.0,1.0,28.0,1
1190,01f611e2cb83a8d,3.0,26.0,0.0,3.0,1
11481,122be96f387f244,2.0,26.0,0.0,3.0,1
11518,123be816b567650,0.0,26.0,0.0,2.0,1
14599,1740617a07a317c,0.0,26.0,0.0,2.0,1
38142,3fc2c336639d594,1.0,26.0,0.0,3.0,1
44965,4bebd3932f305a9,0.0,26.0,0.0,2.0,1
65983,7304d7fe76564d3,1.0,26.0,0.0,3.0,1
79654,8dfa70eac9d2deb,5.0,26.0,0.0,4.0,1
88897,a08d92a83a4b637,1.0,26.0,0.0,3.0,1
96728,b0d42d6fdcb3116,2.0,26.0,0.0,11.0,1
121781,e6f581099b904a4,0.0,26.0,0.0,2.0,1
123271,ea566d515b3279e,0.0,26.0,0.0,1.0,1
130019,f98ee6f054320e5,3.0,26.0,0.0,3.0,1
11337,11f5977c523731c,10.0,25.0,9.0,21.0,1
127121,f30a6dbbd0507c9,9.0,25.0,9.0,9.0,1
79206,8d2d316bd0be0d6,1.0,25.0,8.0,17.0,1
97491,b284aff69ceac48,3.0,25.0,8.0,9.0,1
35143,3a75aea029ec30d,6.0,25.0,7.0,39.0,1
55460,5f2791ad98719bd,8.0,25.0,7.0,16.0,1
28609,2ece7be71d8d738,4.0,25.0,6.0,20.0,1
116662,db48e99ef0720d7,12.0,25.0,6.0,52.0,1
16390,1a2a14c5cc469d0,17.0,25.0,5.0,19.0,1
34252,38f8f1201045941,5.0,25.0,5.0,5.0,1
89012,a0cacb491496c75,3.0,25.0,5.0,25.0,1
104259,c05652409eb0285,5.0,25.0,5.0,23.0,1
123515,ead237b016d304b,3.0,25.0,5.0,7.0,1
129321,f7fab2676ed112d,7.0,25.0,5.0,22.0,1
34530,39742e9ca3508c9,6.0,25.0,4.0,18.0,1
38536,4073acc36593720,5.0,25.0,4.0,31.0,1
62679,6cb327b27295ad8,4.0,25.0,4.0,4.0,1
70648,7c1ecb66df82726,4.0,25.0,4.0,5.0,1
94970,ad1899dc6f81521,3.0,25.0,4.0,22.0,1
5141,0806956d97a97d3,1.0,25.0,3.0,7.0,1
31397,33d321fa4f58ffa,3.0,25.0,3.0,3.0,1
83314,9554badd6c00e0a,4.0,25.0,3.0,4.0,1
99964,b7861e10ca2707f,3.0,25.0,3.0,3.0,1
